chain,address,name
sol,8Q3p7w5x1PXyy99kPxEsgrdkp1ExtCyUAzGeXGqMXL8E,Lizzerd
sol,BiozYn55Y7p1Sbi83n93zS3Tm5EHHXMGKC9EQfSvg2So,him?
sol,5KNbFnawPZVdiDJxmxHJ1SdWpHu4jGvLDCruvP1m6pb5,meowmeowmain
sol,Hp2JBrAhny1TDaC4YhHJLB5jBmcfVXB3A2GTUZzPkQaD,nikitabier
sol,7Z4Qtu2Feih9Rma2YR5gac5z8g4KgLExF8u1WfHyq8H3,yogurt
sol,D37KwuoeLJJqVkD9EPaLD4zfwAZdp7WnH6BoJ5BPJ8rb,gakeside1
sol,BrbnCv2NFHp4PowEVV3YNwsehhBNjDPGEFx7atgVkj5G,stupidnigga
sol,2BgMRGPSPPyYFxuEgRWZr2KoxiysTHw8KQG1JNAAoKaV,eric grand
sol,2EkhJvG7eunHrecNsAijNx8aGcv2Kjd3schd12Gb5tmp,luigi whale
sol,CHzhpfyW8jodjuwBTeGQg3a55kiuFbsAQErmHuvF1gb9,aura whale
sol,HPkQu4osTzt3reYjYX8CHufGCGgHesc7PqG6WdhcY4p9,Skid
sol,66bESGfM8YGugav9acG32pKtWvhCX6wzM6DRZomxVUar,topjeet-kittypusher
sol,4VQJzNARBydzi2LgdtLvEzKcnHZF8E4FzMoaiYbSFbBX,topjeet-kittypusher
sol,2jx6QGKkv8acv8sEP59br7k4mVzBZt6bKuzucRsnVGs2,topjeet-kittypusher
sol,jz1RPBQEEgroa63tqPfNWDUgEoJbDzLgz3TthDMHbB1,topjeet-kittypusher
sol,Br7XeB3pj9aVyAdVAbeSu44dsyB732WXrZDbuFodQ8xo,euro main
sol,GsFVgRTmmv43UQbf7dQv3h8FJn7vgXi3pJRe2WiD6h8x,euro 2
sol,28RNWp9Sn6qKyrTxXCo1nfCYrUq2GZDMddVccAErJsU6,euro 3
sol,jSjSto7QoCogckpj3JUYNZULpgDZ8Ub5EBBqzCki2LU,DEGEN DAN
sol,9r83EdG6nfGGBKJiuLTX4z29hcLTbsCaNFAL5ZJVj4Gh,solami
sol,4v7nGvhrYgHxwkeVAUijm3HPaFLBA133Z3SBrxsFWjzD,SPIDER
sol,AhLToNULV915gUQvPLwz2mb87o1M6uQGtsjHdMb9tXTa,w tombrady.sol
sol,Bd2ct4gnP8ufkfRHZXpr9EBZNhsjuUmJJZs1K6UMnJYB,w tombrady.sol 2
sol,CbEJfPV3kDAtY3Yg2hPdukAeTkZeaxqzUMVLFDRV2Fjv,nrv3?
sol,qVNtxbLw5epZ7Qf2DoGnawMxghv17kfetWWb1tJajf4,tre
sol,J3jfq8o7951raAZ1J1kRUEGzgTgTBDR4hyMhnyuDMqp6,breastmilkenjoyeer
sol,FdvYZ99wuATUdd6fuSqyAMJRoGLrcHivnuWHxgst475p,Lonely
sol,68TWGYLqKqDPtt8cWQ3bvSi3WsmF7oJj7R9g3F8fce2j,glorpfnf
sol,DEvQEXRphANeNDSPKdZxxiaEokLtENecHMZc2yj6FAFX,qwerty alt 3
sol,EUzignG58oGoLymgTikXHm3TNFYCSnYFZNbXxRHoQeZq,marcell
sol,BuAHX3aEZK56r2X5zRSw8hSCHiVEFuMYfAjuht3X4cWj,woo8
sol,3tc4BVAdzjr1JpeZu6NAjLHyp4kK3iic7TexMBYGJ4Xk,devwyd
sol,42cfcPtPRHN6YQkWMzFhD9N67XWNZnAARYdMoR7RjsLX,soltom
sol,CkUKgV93zwuEAdCkQvjA94rDh1ajqjPXVhEvQ4BBfmCY,grand random
sol,EkWjodDTdPztNT2ttNXJ3DqB4ZqJWN4eHMrbupNf4Ykr,kek insider
sol,E1wTtVNsJxmdnuBuuX6xBDHFrxZh1Zukbo1sYobwCXb6,pow alt
sol,6BJ8YTiiDdSxy7RNLHd4hurmvUjreRFoxLGKYftAGb4x,minny
sol,5wTLevkkUWzKgRTWKcSjrgdoP8TnrEnXYGaAxFKibsS5,$20m PnL whale
sol,5R4RJojpoKNwBcJNgVYGtwXdmhyEHWXGDBQqUnSpLfcW,andy
sol,5qvLmTd6yKMn7T7DP6RPPcASBH231Rtvjta1Pzao48PR,Devistiny
sol,4y7QmR6ifAJfX2ZBKXgMBjDThPb48JySSsSxDDiMB9hF,jimmy
sol,6Ja8AMt2ZsgZD5gTwRMDKwCU4BRpaQqHQ3gEHVw8ym1F,iluminati
sol,5mJqiSaowzGHfFjVNF5nU6JhXjYww9VEK9Zwpc4j4Wa2,richy
sol,64WEZi55vkMvsueruvEE1doXTgXvYnC9KqxMBP2DcLUU,aura 2
sol,AgUw7KZoMmxDMbn6MxWSbbQakPdWSUCZXbiQdHYnxhF9,ulas splizz
sol,55usABvd1Xj6UYYnVArGCW2zUDgKpzfGhQ5841cFF1Q3,tarsai insider
sol,FR6D4oNcsSAzRT185QTnJY5Qq6d4uuKbVDEJNgTnMWWi,ogant alt 2
sol,C3g2XTvkp8G76RV9ioqQYaEQyxHcnh6tJREe82fWzitx,herb
sol,G1pRtSyKuWSjTqRDcazzKBDzqEF96i1xSURpiXj3yFcc,1000xcryptod
sol,8PRh957dsPiNVExcbvS7sSq75KsZxEHFSbdbYve1K6dM,aura whale olivia
sol,Es89MerxA4qkpWFZoeG9pLBv3jeoY4ypTd3HXMukhs8R,fapital alt 4
sol,4puCNU7vWTocewNxuHVwW65z45FJorakA1Xi3b6iJThx,DMT 5?
sol,9pVL6w1CBd4iZL31e27qXwoUx5D66v6R5bX7pfUvbK5,aura .4% team
sol,6LbuEXvcETWtRp3gBxsy7Py8t8eAfzo4rYmpUskD9Y4t,suppress 3
sol,hJRWEXNPGcjvYyPqttHC4Fba3ZeNDBFkb15E32EwhAR,Lamineyamal.sol
sol,TWMfGxiscnZCnqqcyaKJyCsVQ8wCnJpx2C1igks8QLo,profitable
sol,7VBTpiiEjkwRbRGHJFUz6o5fWuhPFtAmy8JGhNqwHNnn,Main brox
sol,3qT7Ktw1PDBqYDzCxqC9GLCUrdomJ8EYmdweno2WXmDL,yumps.sol
sol,4dfJdwntJqhArbBPudMMSzgt1MbKY7aNKsnF5KCkWaCo,iv
sol,3QnBeoPMPB3H78WgJssep7rs3A8477LR2FhtwrnZoRie,jayg
sol,3L8WiXhGBEnGDZXaeSWBZrv8t2YTKtudPt6byzaV52yo,nrv2?
sol,HaZtFxgw99iM97LxmwFuDW6k4MP1XwsWTGoy7GUoSELj,cobie
sol,CDkD2srazERHhab7gjrcioi9Sva1S1b1v84jvagjPtsC,UM
sol,HdFcuTPddLbMbD6wLoUxbxMBLqmhr2aGBHVBSmddfSMK,aura insider or whale
sol,2TpLdS8HVMrtT3QUcpgmd4RHYgNhovvZTv7GQX2yFEtZ,troupe 1
sol,6SjpRYYebpgdE3r2PAWHoemxPKjUGSUHGoipjE79BTtS,topjeet-kittypusher
sol,DfMxre4cKmvogbLrPigxmibVTTQDuzjdXojWzjCXXhzj,Euris
sol,RFSqPtn1JfavGiUD4HJsZyYXvZsycxf31hnYfbyG6iB,0xf
sol,62FZUSWPMX9pofoV1uWHMdzFJRjwMa1LHgh2zhdEB7Zj,Blosom
sol,FWaKrM3huoqkY5zhqg54jBpPeX9kVDK8GTczYUdU2jRK,troupe 3
sol,DQu6RDQpMCBn4ZZLL5Wdmn2FqjTu7d2yBTaA22K3xLdv,troupe 4?
sol,FKy2QyHNz2H7K8c4pZnifdP3ogrG4JujwNEB5bTzFEL3,jayg
sol,CAnReDv1hYGWgGzWSfFvgLhpf2c8EXkWJRQY5gYgjHov,Requism 3?
sol,8SLqWLwjpUSe1Vw36FUkkMkixhSwFhs9vfBx5dto2wGN,trenchart alt
sol,2WN4rnEmB9c9ouC7VTb4CBXbyiY7qTMcvWUxKKQ2D47T,shah
sol,HLJFCXFNPLYD3YAzEJ3ZbT2woAVrq9PybL3mGXrXEEax,euronus
sol,ATmKENkRrL1JQQnoUNAQvkiwgjiHKUkzyncxTGxyzQL1,durant grand
sol,7ZZL56oVUrUXVeWc2NuGtKYcacThYRm3LAaaZ7GCdzph,useless whale
sol,9mhknuPaxKJf1YeFDS6TL4b9EDTPUWVAFPPhkPXUt4ak,imagine whale dca
sol,EuU9Vh37eKDdUnZkUfMZLGCcBqwFYpr1E6X3ZwUxhvgm,imagine whale 2 dca
sol,3TsRAE3Pdx4eJAcxbiwi9NY8mNYChEkjV5DbAwazFKSq,maybe coyote fren
sol,sobsMPahgURdg4ixcWB2J5yEsdGwU25tMexxdseMdAV,supress 1
sol,KYSGYZp17p7hGsoTJRB4ffy3dpu5M6Xi77YKvB9Z4hs,supress 2
sol,7e6RsxKmkhH1MPXjdyxMdpJYN5fvvr2WtuN9dpBuuugq,risk alt
sol,5skKDVJ77jhEa1YELXuARCdMLTupVSt83c6VxAYbYqpg,MISSOR
sol,85DQgGZvcjYyAw3a1s6rW68Cci4sXGskLcYCwWGsgtGX,Papa
sol,5hPbaXZoRjm3SRe3p9y7sB6vK3aWxMbQUEA61g1T2YtW,chillguy
sol,5fTncMsGLoSgxLJGCK72r3EJvgBTx3m5JmoaKCsuR8g4,connor
sol,5fm5pHB2GR8Py4YARY7fDire8E4oFBHCHCYRHPD4x48f,wylie
sol,5apTVXB8TpnWaiZsPMJyWMYiyTxffbc7MiRco9pvwkHR,slate
sol,67KzaKWsHC8EuzyYshRWB3woCVN8HTZWcwKKb3njzZM9,ness 1
sol,6ZNQkNNo2jBnKR2vL6zioRXagmJVgzDmeptsGVBDjVkS,dmt
sol,A3iKnnQSWuTCDagQvp4svQ2tmSVdqdoYihyK71bstMFd,alphaboop
sol,6H2D7c7SEVpQoxwNowdGFZwseYRrTAXzR4Pe847Qbubm,aura team .54%
sol,HrGPzF3QgNsNdKcKe5uuHzhnXkYNGtdgqcPEHAdBMdwX,Magi low tx low WR
sol,HshjAKBheiY18Aa2nfXKLrKHscErKHnstj9rVmdjgBG8,Chester?
sol,7kk7azE2ewZzuFCbVFoJLaDWRGeD9QynxcR3BTNmAeGy,ai insider.god
sol,6RrHEro3VVTrmYDDXPyPk7FyYTS9Mx4xXJF596Zd6AZF,golden 1
sol,CgK6w1L24si9fCUiWJeSD3RJEo8P52j4FuD2Kagd2H43,golden 2
sol,GNa8baGa4aB9C6zMENUDSttpY1JHqgJrtRKchysNYNNs,golden 3
sol,EaEoGK38ijAKuXLZEHoPLfhuF5WarzQ23HKHTk7Ai7d4,pdad 1
sol,96sErVjEN7LNJ6Uvj63bdRWZxNuBngj56fnT9biHLKBf,orange 1
sol,FgfzLpCJhHYZVji6Sw7omJDEdTq5C12FrV72HzDtwvb5,2sday
sol,5xxDWffoSqgeUGcTE8TyJTWr7kzjWVwnrdhuphAGq91Q,qwerty alt 2
sol,suqh5sHtr8HyJ7q8scBimULPkPpA557prMG47xCHQfK,cupsey
sol,BqLRoxZroXU6t2UFog2wBzGgw3M2PXzCgFBo5dENxdZV,insider nigga 4
sol,Ht8zVGPmfpmessw4JSK1BN93Yxvef3VvFKjqNFvq4VTA,insider nigga 5
sol,sB26gjYKX1MyDSgqwpzaUBwQc956ebukEUuWJouHnPY,insider nigga 1
sol,9Wm5pppbUDuJCS76s6R1ZctDTAXRDNpMRBScAcySEs5Q,insider nigga 2
sol,cGxeYN6F7T9aELwjLPeL3hnJNscGU7EHg5CEsP4B3Hz,GcX
sol,D8yY727Z3PSYimq9mp3w3gvmobL8h1QrqDxCMFHSEApV,maki team 1?
sol,7w7f4P284zJhv3zotjCUmaNsZSsrHQKtpXGBJFq8gdzq,EQ404 Axiom
sol,5AXtLqgSeSR3FQ2BXcHHkU7b3CE8yNK3GnBqQVmKNbvr,SoloXBT trench?
sol,Fxj1j5ohVoRos1yQnvx6bsvYCt493VGpyLbMiq4eLff3,Solshotta
sol,86AEJExyjeNNgcp7GrAvCXTDicf5aGWgoERbXFiG1EdD,Sloppy
sol,B4su5LecbHXVYWDJ8sz43xjZcex1Rn7GonwL7vz1L9ag,chukballs alt? 52% WR
sol,CU35ZDB4JptaBVQWiq1gZsR8kso6dz1bQj8uR3xGn2kK,chukballs
sol,4XhJQHB2t5uqgyW3eQ3gXjKgGBJdnGocf3ZbZRRGtgwU,Requism 2?
sol,GLUPTgyAQBJagb73oZDX9aMn4AHfW4FHH6tcPAGmovjS,nunooeu
sol,AVAZvHLR2PcWpDf8BXY4rVxNHYRBytycHkcB5z5QNXYm,fakesem
sol,GkhzTMEnqFXMrjqv74L6CodfESzV6X5WFpB31jiuza8b,Evan
sol,9wLVLUyDbwaboLJWLJT1vbUD5pWn8KSFRS6BgcvqpgTq,reverts multi
sol,5Cwt3Tu8SZwMrHWMMgzJADoYmncnCt2tjZ3p3HxxB4yr,splizzrelated
sol,A4DCAjDwkq5jYhNoZ5Xn2NbkTLimARkerVv81w2dhXgL,coyote
sol,Edk5xeEUV7F8Ua9U6bc5h25kAuwAqC6xm8mJCFtyffR5,qwerky
sol,6RUrxs6qkc6EvrcnAVpgHpondg49Rg6AG62BCkbaDh1k,pingu insider
sol,GVCxx7sZrrJU2faB93RQexxieYYS1xntZYAtBBA7VjxQ,kadense
sol,EuBz8hqwTTWE9GZtS1EdAiD1CvWUN2QFccckdxp8dPCz,fapital friend/alt
sol,B6FvLPzuMGdEXxQ8bBcza4nADa4qgYJgCax2fL2ZVboX,fapital alt 2
sol,BdjSZiE3DvYcoBDsZvwTndNSDRMyYeubniNoRkuABQkF,nrv?
sol,5KeikWwqiJNFJHkZLw96ZSChBmiDeq6MfhZzBzuvYKuZ,nrv4?
sol,FpmBtbrfGEKxWC6ZkDjxL1ZSNZ8xwDTyQF5inaVqU9ZC,nrv1?
sol,Bf7tYUoEwsQSQ7Md9JNnNsGnvxnnqJUDMUFtM7nLihMQ,nvr5?
sol,niggerd597QYedtvjQDVHZTCCGyJrwHNm2i49dkm5zS,IYKYK 47% DEV
sol,m7Kaas3Kd8FHLnCioSjCoSuVDReZ6FDNBVM6HTNYuF7,ferb
sol,HRjtM2vGiDTKQEuzTCtwcj2ig3CUEyUConVApuXnLnbp,KLIFTO QUANTTT
sol,7EaquUfNj8rKapToMK7b8c11qKWHzaeP7DFgQuBUuXXx,DXRANT alt?
sol,9xf2YXuCaqXUPsHpTVnSxSJiNSqyrt6Jti3c1DXjMAgK,nunooeu connected
sol,aH4rvCw91aPgCyj6C6LF6aC8GKbkRXwKbds9faXpv19,SoloXBT side
sol,AYPgwWsHuZxj6gWTjAwwH4cHUL8GMYdLRseX7xEYCb5m,dgilz
sol,DF4iXy26ihNmMupHcmYCJf5TdpKs5Ep94E29y8QA6xGf,kanye
sol,52kPsnhTpjHZucGUQy4YDm8g9ykXPMC47iNVSVRscikb,CV
sol,5Xk1HbJ6NKmGvLtt1njkqLVqfFiuMYSEZThiAeJnjXnt,americainsider
sol,2pENoWVJaBumKN57C7b6CzepDnNjZ5QsggXF5p3AcLj3,muup
sol,7h4MRS8ESTq79Zb8mnk89c7mvb9Ds8YSYsXazzMLxYEj,woo2
sol,6rFWL8iHnRd7qXDbwDNyLh328QPP1WCm9QE5r1SfjY19,ai insider
sol,4v5pJbcJrjVhBM3QQpB3vpp3FEXccbTeHYGgnTsSke9x,trenft5 (new but hasnt traded much yet)
sol,J23qr98GjGJJqKq9CBEnyRhHbmkaVxtTJNNxKu597wsA,Gr3g
sol,3F5RkS39dpmsBExKHQKb1bkXiJ6gKxqgs1Z2nZ4dytzx,pwnlord
sol,6LhAdLyGLFMQzWMwNRisPrwwMkQmWMsdA8dDacwixsU3,qwerty alt 4
sol,86RQFoixAqChBMr6r9vPWXFbZ7sLwA8gUQSWcwYuSoQU,atom
sol,DnF32D8SECTR9FA5YPceK8xtEGkLkbCjvJkToVQnpb96,hany
sol,4ergPkK1ELbTDWEjsgyMyFT22dP7W7or2eoX6NfmTgRK,444 grand
sol,GFJhtZuENEB9StZiacHUd1aoBoCtY2wWLskhgwcyfaYN,based16z
sol,2F19ZXrvQDCoYXdBoFBiBcEmgrAKYAheZHnQxZksHQhN,elite. porta?
sol,9gtzRXF8mjfAV8YoinYMEbmA4a22ixnRSDnA74u8uWAV,Crusty
sol,HMKrTy9MVjDZdhBcLkDQ4i7e2w6dJJ88EkbaXHJcryH3,senzu troupe
sol,6zWNhThsFJvKwa8RnjGp4g86aYXFdBfiHMTcLBsfZtFd,DRXANT alt?
sol,73KcgcTVyLYhnVX3PJbit8e4mC7jU8QotNGBFGix14jn,john doe
sol,27YNeGyQQp6aFGocFX7rj9GDSuyPncL5ncnqDVUMQkxG,zinc alt
sol,A4nTzSw1oZKK846zGv8diWw6dGXqnGPJwbxyJ85WM4Sg,Itai cold
sol,BSixWp5eUSsiE9cxGZ6ZDHbr2CHPzmv34TFwCahohwcN,shibinsider
sol,5uUcxHajyw1DQtfLW6MKSS8qeVJbocheuRfCK4X233uE,nvr
sol,3q2EMLftUf2Jas9ddKQ8pLCe3tK2Zog9vfK255wEcVhB,ray
sol,7aKCi2RdCSk3oSD3bjrWhKZUqaYcYfgWFmZpw8Nxf4zi,stig3
sol,6LyLc7n7VXyjTJD95BvpXfFhumQE456ShYEEHRVfdndF,hawktuah
sol,GZ5Eq9UpLd455o3d6KmtBa6U8RVV21Dv7h6B1PjfPARu,stig2
sol,E6De4cWVpWmyktyavDagK4BvusoivzAcRhwn8fZ7f8aq,idk dmtmaybepunterlinked?
sol,CcdrVnUYLWNamMqiSjxZBuxXHPehtKiqDTZavQKRDcrW,aura team 4
sol,CF9bzKt2t5YET7xVp3bPiLhdw3c9dsBsJoQ1cuD95YHb,aura insider
sol,Gax1v7bt3HgkU8g9jYZcxjZ62txNu9UxUJrFVvkFyMem,aura team 1
sol,8zFZHuSRuDpuAR7J6FzwyF3vKNx4CVW3DFHJerQhc7Zd,POW
sol,EPKrfFVt2CoaUnCo8eMauH3PEsK3rwyPQefxGd1zEi8m,grand? very low tokens 2 mins
sol,J5Vzk1F1yEMe14g8mKcWggt1sU1Ao3WuUrFwbFxeyoN8,aliaian
sol,9X5n5i1mugTjgGPhqf1KJDt8r4kD8TF3s62ttbxKzFHa,DING
sol,BE4PSEWMhSZcNhmreNLapKugUa5ACNuzPgfLtf7mMPAB,aliaian source
sol,C4F2au3Lt7nDMDz7QMJcKVQfkxuQ4KqnQDnXpQwjQoZx,maybe j dubz
sol,GySA3nmoUdJDGw9H6NRypvmNHmkdmDu37bazb485EDEv,maybe gooby gambles
sol,FTg1gqW7vPm4kdU1LPM7JJnizbgPdRDy2PitKw6mY27j,SoloXBT
sol,G5nxEXuFMfV74DSnsrSatqCW32F34XUnBeq3PfDS7w5E,Profit
sol,BC8yiFFQWFEKrEEj75zYsuK3ZDCfv6QEeMRif9oZZ9TW,shadow
sol,7eFMd1HYH8hmP2Qi4RPVktSE67R2cipanUakfeyEyHq5,ROWDY SIDE
sol,F1iTFVHNhjt6dsLik1gwyNjU3fNSnQL886WYSG6Jxg8K,impose
sol,58AMuMujTtasD7NNBi8cfPU78J2V5RvXhhhsXQYxDhoR,coyote alt
sol,ESupBM1ZTJashN9cqeDDu6DUHKwzs9rFYaHzYe4x95YS,UM?
sol,7n7ttphUa4okuMk437pzK919qxnnQxkNTXL4xRzmNzaV,solami 2
sol,5MNizMzFryXZC5JPxdH9ugfgmJcyLBKxENiGRAZygBRS,jayg
sol,fwHknyxZTgFGytVz9VPrvWqipW2V4L4D99gEb831t81,POW ALT
sol,6eTYajPk5gNzHmxsNFWhfgPBJcvg4bGTtn2wQamjHr3x,topjeet-kittypusher
sol,Avh4vWbwUzVT4AHv7jF6qyAfnDHuZK6JTf8r5Pn7Agh5,aura big whale insider
sol,ELAQicujgzCLhcAi5vAF46jgvgxuCrZRBgZD4tCR2UV1,DING FUMBLE
sol,2QV7JLCg1rPpcyh3TyznvZ6q7qjBTpJEtmQska6iYVXp,2QV
sol,4pBDBu1K3Zsx9FAX39j3dXFkEJSosqVUSPv9tAUmmNxj,brocolli
sol,4qMhJ42sCexUkXgqEkPt9nsyK93d92QeNGKZNyNYPGUb,jellydev
sol,4zoD17VRZc2yy9NhL6dZTMVzMfCL3U4G3ToLaFaeFfVm,flipper WHALEE
sol,57TddhMPQNsPMK7cdyMk7TJXk9vPL7kww68nT8rdkqk8,Bitboy
sol,6dtuoCVLH5Uq1Xy5SFCrgmGV4o3ZZnNDfXy8a5MCqdd9,moss (5 trades)
sol,4iVkfiyZF4KmqyHND2vnpycoVaY2jMpNa7JRtZXpGouz,naseem alt
sol,B4fY2gsUNamj8XfBTc6H4pxYinZE2SmRwNyrTc1FrRY7,ness 2
sol,H516rShYbWdEkwYssohBJ6oKpTyLCuSdhgSRerEjQKtT,Nifty
sol,EsCk2ewGL1tEnL3zzai7ZUbBjDyYDxYoumVcCYKf6no3,made lots launchcoin
sol,ALvrp4DsZsR1GfxmXUXJbXviUaD7zweBQpaf7ZPcBxRb,qwerty
sol,215nhcAHjQQGgwpQSJQ7zR26etbjjtVdW74NLzwEgQjP,OGANT
sol,Gubm6qiHZ77WfWYvP8RJTSGrrLrFmopDh87vqUsu5cX9,brainlet cabal 1
sol,6gn9y7iG72MxMmD9wAbGWA5ZQSTtUZtZ2AAk7wvQEMbM,brainlet labubu cabal 1
sol,9FNz4MjPUmnJqTf6yEDbL1D4SsHVh7uA8zRHhR5K138r,0xseverse splizz
sol,5CP6zv8a17mz91v6rMruVH6ziC5qAL8GFaJzwrX9Fvup,naseem sniper pool
sol,Efqoo7tUd9bhrA8kEZ6YhtBbo2mhr6VLAKzQEsBTyUsk,onzzyTV cryptic
sol,D9zTuxgAEzmZGfMG3TV7SXQECTo22B1vGdXhB3J7v3ED,jaime
sol,5hUoAUsKissrxnNxPFaLXZjAKcydMz8M1EgWVpRLQyEu,aura insiderrsrs
sol,BwrvgjT2dXEHwUc9xLf6pMKYQ4NaxiQ2G51ve3EpoTS2,aura trump whale team
sol,5HXKz4owD69TJJD7MoUA5qt4NAevMvEGtywZ1qEkDXJ,qwerty alt 1
sol,ApH45VZp3bhgGeFb2UBHTymxkjsGvNbrfAybd8TfXQLu,Random
sol,EwTNPYTuwxMzrvL19nzBsSLXdAoEmVBKkisN87csKgtt,gakeside2
sol,854RaRWBjPV8LmKqVw3BbiW5YQ5wtfSTeC1BkGFfd7pe,rapist amazing
sol,GBEx1j1RW91QZkWC9aWHLEoTUhWC7FbC7PdTJrcFayqt,brainlet cabal meh
sol,26kZ9rg8Y5pd4j1tdT4cbT8BQRu5uDbXkaVs3L5QasHy,Orangie
sol,HTpoBRnq1fv7AzDgWi6VULf2TCdGkseNdMqoCJJZcS9y,Random
sol,CWvdyvKHEu8Z6QqGraJT3sLPyp9bJfFhoXcxUYRKC8ou,Rice Cooker
sol,FjqfUQX5jFn2ikPNt8ihb9A1PJAZN34QmCnAngs6svyT,Devin
sol,HoT9SBSLQoghmmBxiCMtZuWCauEdB9ngcmUzxRs8XsD2,Emme.sol
sol,4EbF8s1AGWuB5rHLAuhNjvqDyLcDHDKkr28EV4pL75Cd,Web3Quant Alt 1
sol,A4T5qRVgar4pheWT599aRoqScFCEZHe1krxWZeBPVtHZ,DJen dormant alt wallet
sol,BrNoqdHUCcv9yTncnZeSjSov8kqhpmzv1nAiPbq1M95H,Flipping profits alt
sol,GgG65z3MXpmGnV3ZapKv5ayDqox1x7CJnqP1LD8FaZdt,Y22
sol,E57hYjjwNAnvXe67C1q7nKRdC2jWMRGLWAJsBJAJrgzR,Markus
sol,277iBUNNUGyxy8855Ly1tZpPY3YHM8Yaqq6JoYPybwQL,Theo
sol,BHREKFkPQgAtDs8Vb1UfLkUpjG6ScidTjHaCWFuG2AtX,risk100x
sol,2Dr7TyDcwRBo6JvWMUXPn6Sb9R2JN3Z2tvbXT311wDHE,b16z
sol,EApeEnqTpVboFZB2gqPwyzoqw8KxCT6Aud2p8R9n1wxY,req
sol,BmTFQQkgQKq1Shf9rzp1N2xvHukcdxxjMZJypGaJb1rT,yzy deployer
sol,FpYssNBCxC9uAXrw6JsFqQ59e2vH1RMnfdGtjTvr5aFX,pow alt 2
sol,2darcujtE4dUPoBjc7tuuUPzLEg5tnKNZEEgSUfMXawr,Ton
sol,Fqu8iXtkENJbKHdhoUTXk3kZ2BqwdW7Vvys8MGAxYVWX,tabz
sol,7o1UnDXtvUn6kgdkgDG5jocPZTDGVJScWQKkiD71yEBs,aura 3
sol,9MUNVQqZz4d6CMyhXK1L8vrG4CXBveFixY7bvGsQvQgH,aura1
sol,5suhUSzcXAXdkFmMyburWotcCbAFtzWnbS4cUeojUQbq,aura 4
sol,GFzq6HQWHi2hQFyyHqdTJSD7BE55R7LBY2Ldz6LmUQwZ,brainlet cabal
sol,DpNVrtA3ERfKzX4F8Pi2CVykdJJjoNxyY5QgoytAwD26,gorilla
sol,66W4ypeod8MegVzMot5ZJPEh6QBUG4FriDxC72bEJxvT,pow alt
sol,DszdVmXqsJh1fgbY3kKZpTBuYBCBBsigHgjutps3uBQd,fapital main
sol,6w9VphKuDYib4N1jFKMXx9ghjSP1immeX7RrtByrAQWK,nvr alt?
sol,Fn5XEhYTD6EUV9HNXA2Y9mGVA71k94dWKTAaGFsyZQKz,DRXANT Grand
sol,CL6xgzKveReWgALVLEZ3V4TKBrowZLpFvsGc6zydZx9i,Nifty 2
sol,uATbMMhxeNfYQy9njPJLt5f1eqDtDz7UxHs4msCv9By,brainlet source cabal
sol,H8EZxo5SK62nzmEyKHCSaK828G97DLXcfhTH1G463Ftv,aura whale
sol,FGmjj2Qsna3mEpmPpqn56ftSPM4F7riiQqVCXbnTAiBT,paik2
sol,5M8ACGKEXG1ojKDTMH3sMqhTihTgHYMSsZc6W8i7QW3Y,Unipics alt
sol,8deJ9xeUvXSJwicYptA9mHsU2rN2pDx37KWzkDkEXhU6,Cooker
sol,J9QKW6w7ALr8pwhXayXJa1njC1AtJPpNGNMsb4HFXBdS,Magi dormant
sol,HUpPyLU8KWisCAr3mzWy2FKT6uuxQ2qGgJQxyTpDoes5,0xSun
sol,9UsJMq9BLyW5navHoMW6fZgDJuuyLHcEqJghjeZiRYDt,Random
sol,FYEoJK4QWhxQfdTFk5ekEK3xWKPBojwa9wNKaJZ32Reo,Spider
sol,9UWZFoiCHeYRLmzmDJhdMrP7wgrTw7DMSpPiT2eHgJHe,Random
sol,EUM51CoFuxBw2FUVQ7YmrAy6a3p6PUNwou5S9f8qt83S,Dayu
sol,GeXAHmmETnizW6af4E2e64ju8mTkLdEQzxUiAjJVo6NZ,Brox semi dormant
sol,AbcX4XBm7DJ3i9p29i6sU8WLmiW4FWY5tiwB9D6UBbcE,eq404
sol,7SDs3PjT2mswKQ7Zo4FTucn9gJdtuW4jaacPA65BseHS,Incentos
sol,J6DkAiY2SjCCff4FY9fV1csAcxfppGfPzBQkkAs5zsnv,medium winrate solid xs
sol,8M3ZArYWLNHbCTQpWwZzfZirmoCEj5uoggadfo5MG4f8,mog
sol,BsjUhzfb7Jq7FckkXKypxQMfsWCeLeGKkQSPdBN32WNb,troupe 2
sol,7TqPiVEhHxmzCy4FuwRQ8SVUcCHDYHWi8HxMmeMoJpwZ,troupe 2.1? ultra low trades
sol,CkotKQSfbRb1Qz4VFTVREzGh44SZkknuMU3fXqQGwZpd,sam?
sol,2dVcvshsWeRXAMoy7h2Ae1V5sNS6qcdLF5APMo9UZ6CR,stacco
sol,5Thciu2z6c4Ckd7M9dHmaMQ9ab3ARgUVDwUQ383JeKRA,muup share
sol,CgurL8SLVEbhYfPifQvkrVzVVXK22bz6by2XFcBMrtDx,ksi
sol,EQBTCfuGHS1wNCGTQbnm2Kp2cLhfgWST9tsromRPyumV,um2
sol,GcbaQoWwvDBpXNCUo848cgkvWLpSqRRFaP2f1ERfQqCh,stig1
sol,JC9ajCDzGCkzxe2Xn2ygDM8yYfRSxLhgN6y8xzs4bGm1,DMT
sol,ErzsHDXPHgz9S3AzyibB4iHtq9NLqnDk6fNa2xCKgSJK,woo4
sol,HSNvf6AWF66GRAETAP9x8ZJpeK1E3uq5sscJs4njRM37,woo3
sol,8U19wrtzN6BkBhxbM2YtUgCcXrDdyzdjwLNE9RfLfsJb,woo5
sol,meyfGWNTFicNZ4fTWg5Nnmxes2dSEUZCRawJLTx4iLZ,woo6
sol,HfjK3uZK5P6yUjkNLDRzSv9de9gvfRMUffsTmjpUvJWh,woo7
sol,8AByvcbajbjmuD1xez4ahgzoUp7ovB5wJE6znQKST8Hz,punter 3
sol,HuP4RYp6ZRmhjikmbaHqzNwA71JoQ7oqQMHEZHUWQ4Rb,punter 2
sol,784GxF3khmr2ZHEBAWjRDtmGer8f4zAT5Wxk3zHC3Zaw,yumps.sol alt 2
sol,CsE2ZqF2V9YpAYwJfuheeGfVPmPd67BfmTpUzNh4xiRN,yumps.sol alt 3
sol,GGKs8NKMigXoZffMDB5bDJzBGbqKBgwuNcwWKygE7KwC,chukballs alt?
sol,EgreLi1kb2tFjERYrigApPrsNPBLBSU3J4CfzZ9tMBjd,star.sol troupe
sol,J9XRpWneifbB8woXf7qa8Zo8RDKA3WwKRZ39CUet1vV,ttinsider2
sol,62ayF35G8NvnwFKWRNkMvypsVMyar6FG8S66x4T2FmFr,libra insider grand?
sol,22dtGCXj2K5Pr4BfY2fyj5poMDqeJdtybpekKdXSnVeN,22dt nice pnl
sol,BHPTqPtUr2szQwwsAGX5GJEoEDzTsgqQyW7LWQu8WnVr,brainlet labubu cabal 2
sol,Bv7TBgTJCR7FRH8mYgaWFx7H87rKX7g9rb3XYBkP6TPa,brainlet aura bis cabal
sol,HSQEzVDJajZjnRDqfHYKqmBeiJ8ymNfyMZtbkDxvD1X3,aura 1% again
sol,6Bp46XwCKpqRKeGrbdeqeU7aVSRRvgiArQ67GEhK3wHz,aura insider
sol,FdznkcALkpRaZDVWi1oUvE8o8FFrh8JYkqqJzS5u9KBC,aura team 3
sol,EmZ4n7tHXaBMjjtJ5QTMXiz7Dfz3qpvWR25f2GLh9pti,aura insider teamzzz
sol,BFoHQU9KCBSo3LKKyGcP14bW9sySucZRYVzc1Zm4fZ6W,aura whale 3
sol,Hzaadv1HxChaBptzgXxsL5dFSvZcGbEoTDxFidvpx9iF,aura nice
sol,v3UUqPPLy2WSESxQikn9sbUhqw2fZvE3GGyohPvvDMW,aura team
sol,7nUVmVrEEqz3VFE2Uqvb8MfP1waruGBa9vPrkJiyDWVG,aura team wallet
sol,AjFbioLAEuyRhVYcuvZAafydyqSYQLd7Mm6ujot3YAD3,aura team insider
sol,CNudZYFgpbT26fidsiNrWfHeGTBMMeVWqruZXsEkcUPc,Gake alt
sol,8RfH3LUSed9xM5bh7txdWKZFNbYGB8AeLCaeZjC9kN1o,marcell
sol,4jRX4iW2F5wBnfYMyB7RjS2PU5MjXrST3fB9DoV4BjHa,Andrew Tate
sol,E33jP6RWVpGkv3fDVbuR5Ee6ak42tTKW9yYszqERtobs,Jerry
sol,GgMKVZwLA9zYRunUHarTHUsvEP9zM77GBybDrcuSnT1x,Michael Paik
sol,DzcECUzDbmAq97E1tpfAWR5GHxfksDLpH3E9wKpTA9eH,Prio2k
sol,4Bxf1mCFoaQmCxxB7obV4hjfYJqkCXVQVCTRkjT1YQuL,Flipping profits snipe
sol,EJikoaCcBJo8DAPhnuJFQpVwiJ7c2FPY2h7u68STojTZ,Gr3g alt wallet good PnL semi dormant
sol,4uqygd9GXJpwco2Xmtkwuw1j9gL6EgjynyDrov2tjdoe,Alex becker
sol,ACHhRQMbTxuWqU3bmbBbgUNGsPsYnvB8KLcPkkXCY1C7,Marcell
sol,KANYEsXAntLxYUE6GtPJ5CahFGpEbaSbd5xhNFYbvq3,KanyeFNF high tokens 55% WR good PnL
sol,Aj69NFstBS1HVix5scW8eHB5donHunJCa4vW5nQ5g39K,Random
sol,GSE6vfr6vws493G22jfwCU6Zawh3dfvSYXYQqKhFsBwe,Pow dormant
sol,Ay9wnuZCRTceZJuRpGZnuwYZuWdsviM4cMiCwFoSQiPH,冷静哥
sol,DNfuF1L62WWyW3pNakVkyGGFzVVhj4Yr52jSmdTyeBHm,Gake new
sol,HYWo71Wk9PNDe5sBaRKazPnVyGnQDiwgXCFKvgAQ1ENp,Komethazine
sol,DNt9Bhab1dioyw48eNCb6VWRjHzQbXjm8U4fHYAic4tc,Dnt
sol,BLhQ4fWgkNAJ4MWXSdXaTnxwZxwHh7QTnMQb6i3Z2QYy,qwerty
sol,8yJFWmVTQq69p6VJxGwpzW7ii7c5J9GRAtHCNMMQPydj,Lexapro
sol,9Vw7dyF8WUUcRTGzxfiCfTYjVtPh8867tXpmMeNNuGHZ,Chinese quant
sol,Hw7CJQ2mk1P6fwdgbKcTht4XHPyVadQRHKG77dgDZRSp,yumps.sol alt
sol,tnijkL47WF7Q4wSVNLt85zpwdwGzqGQUt5qTS2m4oRa,yumps.sol alt 4
sol,AXz1EpEQQGFZu7cjj5rE4o9bg6DXbY6Y7ZqksQ3uNCHN,coyote multi
sol,EcJPtReKkSDQhTT4RcWhWABoUp2HoZ8qJNikB6G58s3R,qwertyalt
sol,F5jWYuiDLTiaLYa54D88YbpXgEsA6NKHzWy4SN4bMYjt,mercy
sol,FyNrn5ELHtimjCscVqRK11Q59VaH3knzahtcaPpcmSro,insider1
sol,EBjXstFQBBnXVFEXouqGfUxQFmaEHu6KFbxrZQkGbjru,zinc
sol,Dbrh5yCBcrWJRYSqtSdaM2TkDUE9fswuLt2qYQgDvKbZ,Soloxbt alt
sol,392KaqcWwp7rKs2xzybQkwtXnXEuzMDPhhdeDZ95i4Xj,fapital alt 1
sol,Zgg7sWUDxCBiFZG1GeTpPWmZUssMU1GUyJCqDGFGQdA,fapital friend/alt 2
sol,8T9mnATndr2aUw9r28uTtxKSh2JfqJwrctW6XaWPHTgy,liv
sol,H7L8tv3YaQV5xgb36vaTNeqsDU5ZnM9WE66sjifwiy7u,DMT 4?
sol,7pipyp7jAdfnWuYTAkNK7B64XuSqh9mTFozqSyomGeDr,DMT 3?
sol,BA2DnXgs1WkX1rJdMUj44m9ck1YNmKj47ewkPCqcbBvc,DMT 2?
sol,89FfgtZwXUuy2i4c2B8hp7ZNVEbfSHeRA3Nw97aWRYb2,ogant alt 3
sol,CpEhpeEzwq2GdFTK3vKGRDgJqvzoc6E4oUSDxZEBMak8,DMT 6?
sol,H7YfTMFCtKLbZe8BprkVScev7vtniTDj4rAa5dGKS7VA,woo1
sol,GBe9JuoGW66JRGJF7aYmrvtUTZHnq3q443Vh9cR3ntTx,ogant alt
sol,4iqhDBa6tSrUUWwLLKBTL3wXxGj6ob9B5hEW93vWVoLD,aura another insider
sol,ArmMNRgoeCQNLX6YNZMugNZhvtVb8kxnqsgXzCcVTy6A,aura 1%
sol,2ywe1NKkny7oUQM2yHRsnPYk2puQhWxWh3Gv98vhorni,aura crypto insider
sol,4J5rDTvRbzjuKkB4B9rvNEvDz6f1BEBzUVT5mdctKHoT,dmt
sol,Cbx6yiAvZ9rDP3p2gCxx2orwAVdzf2WQSusa372PdNVe,macnbtc
sol,6gqFJh4FUgCTrKz6sZt6kjzJDQKmjRumB2PWpU6Lc1Hm,khaman bigblue
sol,GCrxYNvZXhY26QtxCryGoH8nfJaiE7qGGpvh61FAui8J,M0
sol,BkyCUgwb99KiA7aUgmCaTVc4CTEQ81ZuukdBBv1KFkU5,nunooeu connected
sol,2RssnB7hcrnBEx55hXMKT1E7gN27g9ecQFbbCc5Zjajq,mostache
sol,HHvN2872Tbmq6C2NSCRyMzgwMxweZ69GCTB4exQ45njG,fapital alt 3
sol,3rSZJHysEk2ueFVovRLtZ8LGnQBMZGg96H2Q4jErspAF,Staqi dormant
sol,HGHv7YvHBtN7cG3em1RXTNFhS3LXMWsSf6WPuapaBukv,itai kinda recent
sol,4EywBm5FeAeHFTNZ9inW4BR2EwxsoLTpouzATupf7hAp,pdad 4
sol,FGJvWtpHce3JyoQ4wTJ38qBjespwyjX6GUzFkTCHUv8P,okay nigga
sol,CNRFEckxZhq7M39GCsfr1WYu1LLVbc6caWpQCZnhzYwz,Lizzerd 2
sol,B5EyEnr3NzhZhpd9wAMsvRFZoK5YmQJY3rww6oozbUVW,uranus nigga
sol,8kpY8tm4aKiMUvSsYuuKNSdKqCajm2iYUH2MsM15BrWM,insider nigga 3
sol,FFGL3KD3tJTNAu9F6T6U68kP3bCSFtxbn4Dx43sL15b5,insider nigga 6
sol,5rkPDK4JnVAumgzeV2Zu8vjggMTtHdDtrsd5o9dhGZHD,dave
sol,niggaVSYTvRZHW1Gc2gpFmmhzmWF6aHR9XAaPbyhB1C,pdad 2
sol,6gHaLmWymSnpULsUkHPX7wKVjoiYFkeRQ2s6SBx5DY73,deef 1
sol,2WfNxFN74pzJWKnXQ7NpkbnbEEhSLVJZGiB9NvxQ4Vpb,Gonzo
sol,2QcJDFbfWCz1wjhsAT3PxL9PtKDdxzCZMyJRC5shzvQL,gigawhale
sol,3kjF7ZXfMYo1dqxFNE7WVtQ38zZSciptu1deWYibre1m,nrv splizz
sol,A2eLwpWVcSm4wEMrnb5Fg2WhSVWn79pWUPzGN1K1jEqf,based16z real
sol,2rmJhgCfqWsh8MqUFchUnsv43EDg55mTh9bkYMT4oPHk,illperson
sol,HF2Lw2tYs4B3y1iqz6iw2f4wTjrn14KppvAezcm7TAT3,titcoin insider? never sells
sol,4bdY7XB6ZtpTFtLwN1zmJEV9Qdo4KvqYqWzaT8jkbjvb,Requism
sol,CK4RboLQ7jQXjhdEe1DbSBE1DggtJqeqSMTNhN4D4H69,shadow
sol,pdadyqDXoDa18Y53r2Qhkadqixd8KNYqKK2X1eERqXS,pdad 3
sol,9yYya3F5EJoLnBNKW6z4bZvyQytMXzDcpU5D6yYr4jqL,loopier
sol,4FxsfMpZr9hdYgPaZYdBgrfAcruoLaodb5zQAQ8niSY2,SoloXBT new alt
sol,DKgvpfttzmJqZXdavDwTxwSVkajibjzJnN2FA99dyciK,Rowdy
sol,EV3Jpro4c17nXXbnGaJ5wfhv5RJhHgKEYjN51aHYgGiH,GFF 1
sol,7LJJRqxH1U7b7XcfnAZZHkpAQUMje5vpRjvWyZpM8SYn,GFF 2
sol,HjQUxEdFcNMV2aSPRBkR9MbD86RL41ZNuZXEADLzetE9,GFF 3
sol,6Wm7huEr9XewD52ZK9zAiviExD15yaj54vtM8P3oxvaq,GFF 4
sol,FmEFAFZdAB6TEHY3wLSGPYTPJHKruBEiG2f4vLccg8iK,GFF 5
sol,CHgzLM2UfXtV2stFZVeQPdk2uTKehkP7qqgnVSNxbihL,bizzy 2
sol,7P5qVxWqNPkw6Gm3PBXgCLnvAw9DBaRZYHMN7RN8idcS,not bizzy
sol,FL4j8EEMAPUjrvASnqX7VdpWZJji1LFsAxwojhpueUYt,bizzy
sol,7azv99nzG6KYzkAP3uTN7trfUFtEqzXw1Pxy8MsR8R6P,bapped.sol
sol,7ww8XdXf23jZ4chhbgFNV986yKrNajMCrFE9P4ERTi7o,LEXAPRO SIDE
sol,A94ZBgKWq3iph21jhR33veZDBx9dGm4BpXo33rA6qUVM,SUNG XBT
sol,BtMBMPkoNbnLF9Xn552guQq528KKXcsNBNNBre3oaQtr,letterbomb good
sol,2uz1Q5fDJeDPBm2UTd2VbuPe2nAzsbk3jH32jKrN7ipB,Potential Could 30% WR flipped good PnL okayish tokens
sol,3URnnJKdG8eTjrKo7G8rN5GjzweYwSZSxwyJm5Ut5UmL,frank
sol,3ZLcuEi9URwScJiytV1p9DNPfRCWwqpjXDCdhLKEw7WZ,Ricecooker Hodl
sol,5nCKTepNxdvtcgRjBL3MjBBWNXNobdZDk8VYGdtUuPz4,punter 1
sol,G31xxdfJSZM6D8D1vkTPcob8DJbGdNgUMt6aK61q7jbP,reverts alt
sol,FsMaCLmxF2zEKAQ5CGJMLi49LLjy4vjhjcozmKsLNLK2,Scatt
sol,BeuZdVAAw717ExNznuEsSsvc4tcBYkwySZZgTYG6q1g1,JS
sol,BR1VVREkrcUvrNGjSYGgy1zcN13dR6rX57AbSqgAY1xQ,vaylin
sol,HELPME4TPWW3WDtAeh2yrcGMtsXzeS5PG6fXCWirtpvp,nunooeu connected
sol,HeTCtaEyC4cNTaKsA5PM5QoveLiUemiEU6T9HW2tdbQp,woo9
sol,Armq92DQXzHhXfi55VRC1C3akQDfWZhUY17Ghdi17GTR,euro 4
sol,5JMdvXe2G1YLtRxUgNgVhBTMHeZNJDwuVo3KNjYCTYzw,euro 5
sol,Hrn7DJj9kebCJ3iDyRGHwe8p4xjTPuiGFiGk5L2n5cw1,uranus whale
sol,D3YQJrgj4cx2EVCvwdWQ2XfLHYt1GUgbfMiNB7G3hwh8,rowdy side 2
sol,9DQ9ndnnaNpN4gyYhdVKZG3DRSCvmHcrR5R6TeR6sJ1G,topjeet-kittypusher?-7
sol,95NpruwXES5a9NcwdH2cErcFwh6gYyWwAMFBskJFPNNp,lexapro side 2
sol,HdxkiXqeN6qpK2YbG51W23QSWj3Yygc1eEk2zwmKJExp,Itai
sol,3fQZix3xgJL74ibTYpHDzcHDEmjyXihZkVHCx4oA6292,naseem
sol,HgW4fHqMdZpmszm6JByPqvV6v46mXXoA1kPkxH3moz6J,matt
sol,5Ux15SqSi8R6nvJx1qidJjLNCi1Bb1d2UQVfMPt8KNYk,fullsend insider 1
sol,9xPPuZB6mYFUnDXTW6HiHcdmsKegk8vSHpefSLVez6o,fullsend insider 2
sol,43Npm9zuBuVgQVxgiuw2yN4amp2Kda8vYh5VwQt3gVUX,fullsend insider 3
sol,FjmRj8y9xfDaj5Aygq88t5jAFbpxrbZ16JNPPG1sx9FQ,DEFAULT
sol,CBmnEJAA8kqof2f9QEha2eoSfbVW96WiKzrH9NrUguhk,ryan
sol,5b1uEaGWNwZjx7WKncjCwdWa17amC8GzRHj43nWcvwgc,neo whale
sol,9QHQrYLTn6xG623DvaQ7rRk3mdCmLv2x9NqQZNsVYRF3,matt
